{"cameraMode":{"drawMode":0,"name":"Shaded","section":"Shading Mode"},"sceneLighting":false,"audioPlay":false,"sceneViewState":{"showFog":false,"showMaterialUpdate":false,"showSkybox":false,"showFlares":false,"showImageEffects":false,"showParticleSystems":false,"showVisualEffectGraphs":true,"m_FxEnabled":true},"in2DMode":false,"pivot":{"x":0.49627986550331118,"y":2.0687506198883058,"z":2.9866557121276857},"rotation":{"x":0.0014429216971620918,"y":-0.9840293526649475,"z":0.17785321176052094,"w":0.007976432330906392},"size":1.515123724937439,"orthographic":false}